node,community_id,strength
YuriiMotov,0,766.0
nilslindemann,0,52.0
NavesSapnis,0,13.0
Dawaman43,0,11.0
ChaitanyaSai-Meka,0,10.0
eltoder,0,10.0
jonathan-fulton,0,10.0
rxxbyy,0,9.0
JavierSanchezCastro,0,8.0
casperdcl,0,8.0
doganarif,0,8.0
mkanetsuna,0,8.0
Rohan5commit,0,7.0
bokshitsky,0,7.0
mlb-,0,7.0
ptt3199,0,7.0
subhashdasyam,0,7.0
JP-Ellis,0,6.0
SadManFahIm,0,6.0
azamzar,0,6.0
diegoromerodev,0,6.0
jomkv,0,6.0
seuthootDev,0,6.0
Areeb455,0,5.0
Ashish-Pandey62,0,5.0
amitmoralwar,0,5.0
anupamme,0,5.0
argoarsiks,0,5.0
essentiaMarco,0,5.0
even-even,0,5.0
oxqnd,0,5.0
sammasak,0,5.0
LucaPaterlini,0,4.0
Rekl0w,0,4.0
cmtoro,0,4.0
luzzodev,0,4.0
mattalexanderhill,0,4.0
t4f1d,0,4.0
wu-clan,0,4.0
JustKiddingCode,0,3.0
NA-V10,0,3.0
Raghu0703,0,3.0
abishekgiri,0,3.0
archfz,0,3.0
artKucher,0,3.0
bertomaniac,0,3.0
clement-zentz,0,3.0
itsmohit-raj,0,3.0
ivikasavnish,0,3.0
jgengo,0,3.0
kimchikingdom,0,3.0
kumarvishwajeettrivedi,0,3.0
mahdighadiriii,0,3.0
mgu,0,3.0
r266-tech,0,3.0
sauravvenkat,0,3.0
shriyashaThakur,0,3.0
sohil-hub,0,3.0
timakaa,0,3.0
tonnico,0,3.0
ulgens,0,3.0
vldmrdev,0,3.0
yinziyan1206,0,3.0
zadevhub,0,3.0
ASR1015,0,2.0
BillionClaw,0,2.0
KrzysztofCzapla,0,2.0
MinLee0210,0,2.0
Ricky512227,0,2.0
SSOBHY2,0,2.0
Srikari12,0,2.0
Tanmaykaturi,0,2.0
aayushbaluni,0,2.0
alex-raw,0,2.0
amulyakh456,0,2.0
cleder,0,2.0
cluster2600,0,2.0
eyetheekh,0,2.0
igoyak,0,2.0
jsibitoye,0,2.0
koladebashir,0,2.0
letmetry-oss,0,2.0
liby,0,2.0
lkkmpn,0,2.0
mahimairaja,0,2.0
nicolasdespres,0,2.0
niveshpadamata1218,0,2.0
omnislash157,0,2.0
sushilk123,0,2.0
travellingsoldier85,0,2.0
uydev,0,2.0
varenoma,0,2.0
vk496,0,2.0
whoisalyan,0,2.0
003shrey,0,1.0
04cb,0,1.0
1cbyc,0,1.0
24f2001045-DS,0,1.0
AdarshBennur,0,1.0
Ads2024,0,1.0
Amrito20,0,1.0
AnirudhArrepu,0,1.0
Ayu456sh,0,1.0
BharatShukla30,0,1.0
BharathiSen,0,1.0
BrunoTanabe,0,1.0
Cito,0,1.0
CrazyAnry,0,1.0
CuberQAQ,0,1.0
DanielYang59,0,1.0
DilkhushYash,0,1.0
Eminek-marz,0,1.0
Esubaalew,0,1.0
Gopesh111,0,1.0
HenriBlacksmith,0,1.0
Holek,0,1.0
ImJuike,0,1.0
Kagney00,0,1.0
KarelRuzicka,0,1.0
KevynValladares21,0,1.0
Kimdowne,0,1.0
Kiran-Gowda-H-A,0,1.0
Krishneth,0,1.0
MahdeeMushfiqueKamal,0,1.0
Maheedhar-rao,0,1.0
MikeiLL,0,1.0
Mohataseem89,0,1.0
NAM-MAN,0,1.0
Nicered,0,1.0
PRAJUN-V-ZILMONEY,0,1.0
Pentusha,0,1.0
Profianton,0,1.0
Rohit27305,0,1.0
SMdipu10,0,1.0
Shihasz,0,1.0
Takrim-ScrubAI,0,1.0
TheCaffinatedDeveloper,0,1.0
VashuTheGreat,0,1.0
Vishnuuuu24,0,1.0
Walancy,0,1.0
WestinJiang,0,1.0
YashGupta404,0,1.0
Yume05-dev,0,1.0
ZadenYip,0,1.0
abhinav1098,0,1.0
agonzalezjr327,0,1.0
amirroox,0,1.0
amishikaushal,0,1.0
anfreshman,0,1.0
bidfox,0,1.0
bjmc,0,1.0
champ-sk,0,1.0
clefeu,0,1.0
clytaemnestra,0,1.0
coderliu,0,1.0
coltonevansid,0,1.0
crummyh,0,1.0
dagecko,0,1.0
david-fong,0,1.0
deadlovelll,0,1.0
dezh1110,0,1.0
dheekshae,0,1.0
dipenpadhiyar,0,1.0
ethicalzeus07,0,1.0
ezeparziale,0,1.0
fcarvajalbrown,0,1.0
fitratgulmamadov,0,1.0
florentdrousset,0,1.0
frafra,0,1.0
garagon,0,1.0
gaurav101203,0,1.0
gengbo123456,0,1.0
guspan-tanadi,0,1.0
hnshah,0,1.0
istrebitel-1,0,1.0
itssimon,0,1.0
jamisiveshkumar,0,1.0
jingyugao,0,1.0
kchang50204,0,1.0
lonelyH3b,0,1.0
majiayu000,0,1.0
mazulo,0,1.0
milan-jethva,0,1.0
mortezave,0,1.0
mrcghil,0,1.0
mynewestgitaccount,0,1.0
nancywang-cwru,0,1.0
naveencreation,0,1.0
nilerbarcelos,0,1.0
niral04,0,1.0
pallaprolus,0,1.0
paras-verma7454,0,1.0
peteroyce,0,1.0
prasanthkumarch26,0,1.0
prerna-pramod-gh,0,1.0
pressogh,0,1.0
rensoostenbachBL,0,1.0
rockokw,0,1.0
roozbehR,0,1.0
rshan1515,0,1.0
sandesh-bhandari-dev,0,1.0
sandeshkumatgi,0,1.0
santoshvandari,0,1.0
serge-eric-kalaga,0,1.0
skjeetmal12-dev,0,1.0
stg609,0,1.0
thakoreh,0,1.0
themojtabajaveed,0,1.0
tsayin4,0,1.0
uvansh,0,1.0
varma887,0,1.0
venkatasaikumarguntupalli,0,1.0
vishds,0,1.0
vitali87,0,1.0
vitalvalid,0,1.0
y3l1n4ung,0,1.0
ynehra0777,0,1.0
yoavstr,0,1.0
zoltanfodor-archfz,0,1.0
tiangolo,1,426.0
potiuk,1,20.0
ceb10n,1,16.0
johnslavik,1,16.0
roli2py,1,16.0
EdmilsonRodrigues,1,15.0
Pyth3rEx,1,13.0
maru0123-2004,1,13.0
hard-coders,1,10.0
SBillion,1,7.0
Vincy1230,1,5.0
nazarepiedady,1,5.0
zmievsa,1,5.0
DJMcoder,1,4.0
DoctorJohn,1,4.0
Kadermiyanyedi,1,4.0
mattwang44,1,4.0
saimahesh8752,1,4.0
tirkarthi,1,4.0
bilgeyucel,1,3.0
cwandev,1,3.0
devil-works,1,3.0
gabyorel,1,3.0
remimd,1,3.0
rmawatson,1,3.0
savannahostrowski,1,3.0
swastikpradhan1999,1,3.0
waketzheng,1,3.0
ycd,1,3.0
Biaslan-git,1,2.0
DEENUU1,1,2.0
DivInstance,1,2.0
EnamSingh,1,2.0
EstebanDalelR,1,2.0
Flosckow,1,2.0
Just-Helpful,1,2.0
Neizvestnyj,1,2.0
Priyanshjain10,1,2.0
VectorSophie,1,2.0
Vivansh27,1,2.0
WaveTheory1,1,2.0
YASWANTH1976,1,2.0
Zhongheng-Cheng,1,2.0
adamobrien-dev,1,2.0
anton-ryzhov,1,2.0
apotterri,1,2.0
arun-geek,1,2.0
cassiobotaro,1,2.0
davidarmandosanchezcruz54-source,1,2.0
developreiloyo,1,2.0
ewen-lorimer,1,2.0
fermanza,1,2.0
fluffy-dev,1,2.0
lingotesoropuro-jpg,1,2.0
marcelomarkus,1,2.0
retwish,1,2.0
s21v1d9p,1,2.0
secrett2633,1,2.0
simon-huang-t,1,2.0
sriharshamittapalli,1,2.0
veeceey,1,2.0
vish86,1,2.0
wowkin2,1,2.0
AliSot2000,1,1.0
Antares0982,1,1.0
ArcLightSlavik,1,1.0
Aruelius,1,1.0
DHANUSHRAJA22,1,1.0
Danstiv,1,1.0
GeoTsak314,1,1.0
Harshpatil0508,1,1.0
HoverHell,1,1.0
NEFORCEO,1,1.0
OscarMCV-SW,1,1.0
TheoPascoli,1,1.0
Yurzs,1,1.0
a-babarytskyi,1,1.0
aghabidareh,1,1.0
aleksul,1,1.0
andersonrocha0,1,1.0
andrii-kysylevskyi,1,1.0
angryfoxx,1,1.0
ashb,1,1.0
choi-haram,1,1.0
epaes90,1,1.0
falkoschindler,1,1.0
farzbood,1,1.0
ivanmilevtues,1,1.0
joselu103,1,1.0
kumaranvpl,1,1.0
martyndavies,1,1.0
mintuhouse,1,1.0
nikmaxott,1,1.0
pierrejeambrun,1,1.0
pmsmanishchauhan,1,1.0
pperliti,1,1.0
robertoberto,1,1.0
sukantamajhi,1,1.0
tmdgusya,1,1.0
victorgaard,1,1.0
wmin401,1,1.0
xmdnx,1,1.0
zmievsa-semasoftware,1,1.0
svlandeg,2,141.0
cjwatson,2,18.0
EgorOnishchuk,2,14.0
SaisakthiM,2,13.0
Viicos,2,12.0
AhsanSheraz,2,9.0
dynamicy,2,9.0
patrick91,2,9.0
alv2017,2,8.0
hemanth-thirthahalli,2,8.0
njsbhu,2,8.0
dennybiasiolli,2,6.0
dikos1337,2,6.0
ilovemesomeramen,2,6.0
ngoldbaum,2,5.0
abhishekbiswas772,2,4.0
saky-semicolon,2,4.0
AditSoni,2,3.0
AnshMNSoni,2,3.0
ishansurdi,2,3.0
mvanderlee,2,3.0
p-r-a-v-i-n,2,3.0
tImIhAcK,2,3.0
24ds1000054-code,2,2.0
Anya299,2,2.0
GeroZayas,2,2.0
Shaptain,2,2.0
airchitect-ai,2,2.0
bysiber,2,2.0
iamantonreznik,2,2.0
jaw997,2,2.0
saltnepperson,2,2.0
sangsaist,2,2.0
sayantanmandal1,2,2.0
sujin502,2,2.0
uriyyo,2,2.0
youreadthis,2,2.0
Abdulnaser97,2,1.0
EFord36,2,1.0
MarinPostma,2,1.0
Rishat-F,2,1.0
Tishka17,2,1.0
alaminopu,2,1.0
arpithpm,2,1.0
dbejo,2,1.0
gilesperiencia-del,2,1.0
gitgernit,2,1.0
indayush,2,1.0
jerry-reevo,2,1.0
lyushher,2,1.0
maksimzayats,2,1.0
mkbhanda,2,1.0
ragnarok22,2,1.0
rahulpandey535,2,1.0
shyam-ramani,2,1.0
tsmathis,2,1.0
wisderfin,2,1.0
zachary-walravens,2,1.0
alejsdev,3,50.0
kinuax,3,9.0
Malak993-lho,3,8.0
maxachis,3,8.0
Ali-Parandeh,3,6.0
Taoup,3,6.0
ruzia,3,6.0
sneakers-the-rat,3,6.0
mrlubos,3,4.0
HUDA-GIF,3,3.0
SanjanaS10,3,3.0
adityagiri3600,3,3.0
g7AzaZLO,3,3.0
timonrieger,3,3.0
yujiteshima,3,3.0
BLESSEDEFEM,3,2.0
KoyoMiyazaki,3,2.0
Rayyan-Oumlil,3,2.0
bonastreyair,3,2.0
chailandau,3,2.0
dhruvgoyal-ai,3,2.0
edwdev-oficial,3,2.0
fcharrier,3,2.0
ndimares,3,2.0
0xFazal,3,1.0
Adamowoc,3,1.0
Davis-3450,3,1.0
GeoSegun,3,1.0
Lali182k5,3,1.0
Sufyan-Ali,3,1.0
cureprotocols,3,1.0
gsheni,3,1.0
praffq,3,1.0
valentinDruzhinin,4,29.0
sodaMelon,4,19.0
sungchan1,4,18.0
DianaTrufanova,4,8.0
isgin01,4,5.0
mezgoodle,4,5.0
Amogha-ark,4,4.0
gayuna,4,3.0
ykertytsky,4,3.0
Lancetnik,4,2.0
SofiiaTrufanova,4,2.0
Zerohertz,4,2.0
killerdevildog,4,2.0
dolfinus,5,26.0
Ben-Brady,5,15.0
WrldEngine,5,8.0
Lob26,5,5.0
berkkaradalan,5,4.0
cardosource,5,4.0
gudwls215,5,3.0
AleksaMCode,5,1.0
P-Muench,5,1.0
rhealakhotia,5,1.0
wbarnha,5,1.0
xsismadn3ss,5,1.0
musicinmybrain,6,23.0
Kludex,6,8.0
edgarrmondragon,6,5.0
ollie-bell,6,5.0
FatimahAlhumaidhi,6,4.0
Tonkonozhenko,6,3.0
galah92,6,3.0
antbz,6,1.0
bforma,6,1.0
cgilviadee,6,1.0
jkugler,6,1.0
leerob,7,7.0
JefferyHus,7,3.0
yezz123,7,2.0
rauchg,7,1.0
SakibSibly,8,4.0
Azazul123,8,2.0
TahmidMuntaser,8,1.0
nomanstine,8,1.0
stickm4n,9,8.0
cstruct,9,6.0
mwildehahn,9,1.0
nsoranzo,9,1.0
Charisn,10,4.0
Cybernetic-Ransomware,10,2.0
dev4all,10,1.0
Mohammad222PR,11,4.0
AbolfazlKameli,11,2.0
ashyls,11,1.0
mohiuddin-khan-shiam,12,5.0
Pavanmanikanta98,12,1.0
hozn,12,1.0
FlaviusRaducu,13,15.0
simone-trubian,13,5.0
johnson-earls,13,3.0
sajjadrahman56,14,7.0
syedasamina56,14,4.0
fatemajannat9,14,2.0
yogishhg9964,15,4.0
HamzaYslmn,15,1.0
pythonweb2,15,1.0
Joab0,16,5.0
ibrahimpelumi6142,16,5.0
BastienGimbert,16,3.0
sankarebarri,17,3.0
MaxwellEnemuo,17,1.0
ErickMoraL,18,1.0
albakore,18,1.0
amin-abbasiy,19,4.0
iw4p,19,2.0
ChunkyTortoise,20,2.0
chatgpt-codex-connector,20,1.0
emmanuel-ferdman,21,5.0
schneebuzz,21,5.0
grantjenks,22,2.0
jogo-openai,22,1.0
jeannin,23,2.0
odiseo0,23,1.0
