node,strength,degree,betweenness,strength_rank,betweenness_rank,is_core_strength,is_bridge_betweenness,is_bridge_and_core
YuriiMotov,766.0,306,87379.90594941723,1,1,True,True,True
tiangolo,426.0,160,48581.98002981186,2,2,True,True,True
svlandeg,141.0,60,15027.710997881763,3,3,True,True,True
nilslindemann,52.0,3,0.0,4,133,True,False,False
alejsdev,50.0,31,9842.644360947974,5,4,True,True,True
valentinDruzhinin,29.0,10,1909.0421650952744,6,11,True,True,True
dolfinus,26.0,9,620.402507219899,7,79,True,False,False
musicinmybrain,23.0,11,2506.1111969111985,8,7,True,True,True
potiuk,20.0,2,0.0,9,133,True,False,False
sodaMelon,19.0,3,0.0,10,133,True,False,False
sungchan1,18.0,3,488.00000000000017,11,83,True,False,False
cjwatson,18.0,4,0.0,11,133,True,False,False
ceb10n,16.0,7,1209.5138888888887,13,23,True,True,True
johnslavik,16.0,3,371.20909090909083,13,107,True,False,False
roli2py,16.0,4,113.02106885495057,13,118,True,False,False
EdmilsonRodrigues,15.0,5,1380.4755096419497,16,20,True,True,True
Ben-Brady,15.0,3,0.0,16,133,True,False,False
FlaviusRaducu,15.0,4,0.0,16,133,True,False,False
EgorOnishchuk,14.0,9,3439.292370488362,19,6,True,True,True
NavesSapnis,13.0,3,487.99999999999994,20,93,True,False,False
Pyth3rEx,13.0,4,463.42369604420117,20,105,True,False,False
SaisakthiM,13.0,5,10.31617209172064,20,126,True,False,False
maru0123-2004,13.0,3,0.5,20,132,True,False,False
Viicos,12.0,6,379.7863944568981,24,106,True,False,False
Dawaman43,11.0,4,974.9999999999995,25,39,True,True,True
hard-coders,10.0,3,299.6460317460316,26,109,True,False,False
ChaitanyaSai-Meka,10.0,1,0.0,26,133,True,False,False
eltoder,10.0,3,0.0,26,133,True,False,False
jonathan-fulton,10.0,2,0.0,26,133,True,False,False
patrick91,9.0,5,964.0000000000005,30,43,True,True,True
AhsanSheraz,9.0,5,636.9850830553576,30,78,True,False,False
kinuax,9.0,4,488.00000000000017,30,83,True,False,False
dynamicy,9.0,4,488.0,30,88,True,False,False
rxxbyy,9.0,1,0.0,30,133,True,False,False
njsbhu,8.0,6,2324.8767427017406,35,9,True,True,True
maxachis,8.0,5,1189.9224941724938,35,24,True,True,True
alv2017,8.0,5,1021.7570444570451,35,29,True,True,True
casperdcl,8.0,4,990.9722222222221,35,32,True,True,True
stickm4n,8.0,4,975.0,35,34,True,True,True
Kludex,8.0,4,974.0,35,40,True,True,True
WrldEngine,8.0,4,488.0000000000001,35,85,True,False,False
Malak993-lho,8.0,3,1.8196969696969696,35,129,True,False,False
JavierSanchezCastro,8.0,4,1.0,35,130,True,False,False
DianaTrufanova,8.0,2,0.0,35,133,True,False,False
doganarif,8.0,2,0.0,35,133,True,False,False
hemanth-thirthahalli,8.0,4,0.0,35,133,True,False,False
mkanetsuna,8.0,2,0.0,35,133,True,False,False
leerob,7.0,4,1460.9999999999993,48,15,True,True,True
bokshitsky,7.0,4,1163.1093374776367,48,25,True,True,True
sajjadrahman56,7.0,3,975.0,48,34,True,True,True
mlb-,7.0,3,488.00000000000006,48,87,True,False,False
ptt3199,7.0,2,487.99999999999994,48,93,True,False,False
Rohan5commit,7.0,2,0.0,48,133,True,False,False
SBillion,7.0,2,0.0,48,133,True,False,False
subhashdasyam,7.0,2,0.0,48,133,True,False,False
Taoup,6.0,5,4827.884870075301,56,5,False,True,False
jomkv,6.0,4,1385.2925010716592,56,19,False,True,False
cstruct,6.0,4,1100.7666666666667,56,28,False,True,False
JP-Ellis,6.0,3,487.99999999999983,56,102,False,False,False
ruzia,6.0,3,258.29047619047617,56,110,False,False,False
SadManFahIm,6.0,3,79.1454949818838,56,119,False,False,False
sneakers-the-rat,6.0,3,1.0,56,130,False,False,False
Ali-Parandeh,6.0,3,0.0,56,133,False,False,False
azamzar,6.0,2,0.0,56,133,False,False,False
dennybiasiolli,6.0,2,0.0,56,133,False,False,False
diegoromerodev,6.0,2,0.0,56,133,False,False,False
dikos1337,6.0,2,0.0,56,133,False,False,False
ilovemesomeramen,6.0,2,0.0,56,133,False,False,False
seuthootDev,6.0,2,0.0,56,133,False,False,False
Lob26,5.0,4,1495.1166798120885,70,14,False,True,False
isgin01,5.0,4,988.3333333333331,70,33,False,True,False
mohiuddin-khan-shiam,5.0,4,975.0,70,34,False,True,False
emmanuel-ferdman,5.0,3,642.5972627836167,70,55,False,False,False
Areeb455,5.0,3,488.0,70,88,False,False,False
zmievsa,5.0,3,487.99999999999994,70,93,False,False,False
ibrahimpelumi6142,5.0,3,480.81050090514185,70,104,False,False,False
Joab0,5.0,3,6.189499094853617,70,127,False,False,False
Ashish-Pandey62,5.0,2,0.0,70,133,False,False,False
Vincy1230,5.0,1,0.0,70,133,False,False,False
amitmoralwar,5.0,2,0.0,70,133,False,False,False
anupamme,5.0,1,0.0,70,133,False,False,False
argoarsiks,5.0,1,0.0,70,133,False,False,False
edgarrmondragon,5.0,2,0.0,70,133,False,False,False
essentiaMarco,5.0,1,0.0,70,133,False,False,False
even-even,5.0,3,0.0,70,133,False,False,False
mezgoodle,5.0,2,0.0,70,133,False,False,False
nazarepiedady,5.0,2,0.0,70,133,False,False,False
ngoldbaum,5.0,2,0.0,70,133,False,False,False
ollie-bell,5.0,2,0.0,70,133,False,False,False
oxqnd,5.0,1,0.0,70,133,False,False,False
sammasak,5.0,2,0.0,70,133,False,False,False
schneebuzz,5.0,2,0.0,70,133,False,False,False
simone-trubian,5.0,2,0.0,70,133,False,False,False
yogishhg9964,4.0,4,1614.7843211032866,94,12,False,True,False
berkkaradalan,4.0,4,1511.5757258931194,94,13,False,True,False
saimahesh8752,4.0,4,1310.7843211032862,94,22,False,True,False
Charisn,4.0,3,974.9999999999999,94,37,False,True,False
Mohammad222PR,4.0,3,974.9999999999999,94,37,False,True,False
Amogha-ark,4.0,3,819.7843211032823,94,45,False,True,False
saky-semicolon,4.0,3,727.0911556594547,94,47,False,True,False
wu-clan,4.0,3,492.52520602444025,94,82,False,False,False
FatimahAlhumaidhi,4.0,2,488.0,94,88,False,False,False
abhishekbiswas772,4.0,2,488.0,94,88,False,False,False
t4f1d,4.0,2,488.0,94,88,False,False,False
amin-abbasiy,4.0,2,487.99999999999994,94,93,False,False,False
SakibSibly,4.0,3,3.0,94,128,False,False,False
DJMcoder,4.0,2,0.0,94,133,False,False,False
DoctorJohn,4.0,1,0.0,94,133,False,False,False
Kadermiyanyedi,4.0,1,0.0,94,133,False,False,False
LucaPaterlini,4.0,2,0.0,94,133,False,False,False
Rekl0w,4.0,1,0.0,94,133,False,False,False
cardosource,4.0,2,0.0,94,133,False,False,False
cmtoro,4.0,2,0.0,94,133,False,False,False
luzzodev,4.0,2,0.0,94,133,False,False,False
mattalexanderhill,4.0,1,0.0,94,133,False,False,False
mattwang44,4.0,1,0.0,94,133,False,False,False
mrlubos,4.0,2,0.0,94,133,False,False,False
syedasamina56,4.0,1,0.0,94,133,False,False,False
tirkarthi,4.0,1,0.0,94,133,False,False,False
timonrieger,3.0,3,2421.183883329139,120,8,False,True,False
tImIhAcK,3.0,3,2058.3133686960314,120,10,False,True,False
gayuna,3.0,3,1440.7090909090905,120,16,False,True,False
gabyorel,3.0,3,1397.2805784750526,120,18,False,True,False
rmawatson,3.0,3,1127.7843211032837,120,26,False,True,False
sankarebarri,3.0,3,1127.7843211032823,120,27,False,True,False
mvanderlee,3.0,3,999.7401600046207,120,31,False,True,False
p-r-a-v-i-n,3.0,3,970.7480337696778,120,41,False,True,False
mahdighadiriii,3.0,3,967.323450992685,120,42,False,True,False
sauravvenkat,3.0,3,874.2982099921697,120,44,False,True,False
johnson-earls,3.0,3,778.5566523249513,120,46,False,True,False
AditSoni,3.0,3,610.2111888111891,120,80,False,False,False
cwandev,3.0,3,539.7138188608776,120,81,False,False,False
adityagiri3600,3.0,2,488.0000000000001,120,85,False,False,False
JustKiddingCode,3.0,2,487.99999999999994,120,93,False,False,False
archfz,3.0,2,487.99999999999994,120,93,False,False,False
devil-works,3.0,2,228.70952380952374,120,111,False,False,False
gudwls215,3.0,2,227.60000000000005,120,112,False,False,False
HUDA-GIF,3.0,2,49.66666666666667,120,121,False,False,False
yujiteshima,3.0,2,10.399999999999999,120,125,False,False,False
AnshMNSoni,3.0,2,0.0,120,133,False,False,False
BastienGimbert,3.0,2,0.0,120,133,False,False,False
JefferyHus,3.0,1,0.0,120,133,False,False,False
NA-V10,3.0,1,0.0,120,133,False,False,False
Raghu0703,3.0,1,0.0,120,133,False,False,False
SanjanaS10,3.0,2,0.0,120,133,False,False,False
Tonkonozhenko,3.0,1,0.0,120,133,False,False,False
abishekgiri,3.0,1,0.0,120,133,False,False,False
artKucher,3.0,1,0.0,120,133,False,False,False
bertomaniac,3.0,1,0.0,120,133,False,False,False
bilgeyucel,3.0,2,0.0,120,133,False,False,False
clement-zentz,3.0,2,0.0,120,133,False,False,False
g7AzaZLO,3.0,1,0.0,120,133,False,False,False
galah92,3.0,1,0.0,120,133,False,False,False
ishansurdi,3.0,2,0.0,120,133,False,False,False
itsmohit-raj,3.0,1,0.0,120,133,False,False,False
ivikasavnish,3.0,2,0.0,120,133,False,False,False
jgengo,3.0,1,0.0,120,133,False,False,False
kimchikingdom,3.0,1,0.0,120,133,False,False,False
kumarvishwajeettrivedi,3.0,2,0.0,120,133,False,False,False
mgu,3.0,2,0.0,120,133,False,False,False
r266-tech,3.0,1,0.0,120,133,False,False,False
remimd,3.0,1,0.0,120,133,False,False,False
savannahostrowski,3.0,2,0.0,120,133,False,False,False
shriyashaThakur,3.0,1,0.0,120,133,False,False,False
sohil-hub,3.0,2,0.0,120,133,False,False,False
swastikpradhan1999,3.0,2,0.0,120,133,False,False,False
timakaa,3.0,2,0.0,120,133,False,False,False
tonnico,3.0,1,0.0,120,133,False,False,False
ulgens,3.0,2,0.0,120,133,False,False,False
vldmrdev,3.0,2,0.0,120,133,False,False,False
waketzheng,3.0,2,0.0,120,133,False,False,False
ycd,3.0,1,0.0,120,133,False,False,False
yinziyan1206,3.0,2,0.0,120,133,False,False,False
ykertytsky,3.0,1,0.0,120,133,False,False,False
zadevhub,3.0,2,0.0,120,133,False,False,False
killerdevildog,2.0,2,1435.416330690281,176,17,False,True,False
dhruvgoyal-ai,2.0,2,1380.4755096419497,176,20,False,True,False
ndimares,2.0,2,1009.292370488366,176,30,False,True,False
GeroZayas,2.0,2,724.5850950533943,176,48,False,True,False
Shaptain,2.0,2,724.5850950533943,176,48,False,True,False
Anya299,2.0,2,693.9439525393608,176,50,False,True,False
airchitect-ai,2.0,2,693.9439525393608,176,50,False,True,False
bysiber,2.0,2,693.9439525393608,176,50,False,True,False
sayantanmandal1,2.0,2,693.9439525393608,176,50,False,True,False
sujin502,2.0,2,693.9439525393608,176,50,False,True,False
Biaslan-git,2.0,2,639.7843211032841,176,56,False,False,False
DEENUU1,2.0,2,639.7843211032841,176,56,False,False,False
DivInstance,2.0,2,639.7843211032841,176,56,False,False,False
EnamSingh,2.0,2,639.7843211032841,176,56,False,False,False
Just-Helpful,2.0,2,639.7843211032841,176,56,False,False,False
Neizvestnyj,2.0,2,639.7843211032841,176,56,False,False,False
Priyanshjain10,2.0,2,639.7843211032841,176,56,False,False,False
VectorSophie,2.0,2,639.7843211032841,176,56,False,False,False
Vivansh27,2.0,2,639.7843211032841,176,56,False,False,False
WaveTheory1,2.0,2,639.7843211032841,176,56,False,False,False
YASWANTH1976,2.0,2,639.7843211032841,176,56,False,False,False
adamobrien-dev,2.0,2,639.7843211032841,176,56,False,False,False
apotterri,2.0,2,639.7843211032841,176,56,False,False,False
arun-geek,2.0,2,639.7843211032841,176,56,False,False,False
developreiloyo,2.0,2,639.7843211032841,176,56,False,False,False
ewen-lorimer,2.0,2,639.7843211032841,176,56,False,False,False
retwish,2.0,2,639.7843211032841,176,56,False,False,False
s21v1d9p,2.0,2,639.7843211032841,176,56,False,False,False
secrett2633,2.0,2,639.7843211032841,176,56,False,False,False
simon-huang-t,2.0,2,639.7843211032841,176,56,False,False,False
sriharshamittapalli,2.0,2,639.7843211032841,176,56,False,False,False
vish86,2.0,2,639.7843211032841,176,56,False,False,False
ChunkyTortoise,2.0,2,487.99999999999994,176,93,False,False,False
grantjenks,2.0,2,487.99999999999994,176,93,False,False,False
jeannin,2.0,2,487.99999999999994,176,93,False,False,False
Flosckow,2.0,2,487.99999999999983,176,102,False,False,False
chailandau,2.0,2,346.76442114781634,176,108,False,False,False
wowkin2,2.0,2,195.84223039746132,176,113,False,False,False
EstebanDalelR,2.0,2,187.6077417027417,176,114,False,False,False
cassiobotaro,2.0,2,183.00000000000006,176,115,False,False,False
edwdev-oficial,2.0,2,148.31666666666666,176,116,False,False,False
Zhongheng-Cheng,2.0,2,116.29090909090914,176,117,False,False,False
sangsaist,2.0,2,69.67787485842409,176,120,False,False,False
Rayyan-Oumlil,2.0,2,37.88527173604056,176,122,False,False,False
saltnepperson,2.0,2,31.69009495325287,176,123,False,False,False
uriyyo,2.0,2,31.69009495325287,176,123,False,False,False
24ds1000054-code,2.0,2,0.0,176,133,False,False,False
ASR1015,2.0,1,0.0,176,133,False,False,False
AbolfazlKameli,2.0,1,0.0,176,133,False,False,False
Azazul123,2.0,1,0.0,176,133,False,False,False
BLESSEDEFEM,2.0,1,0.0,176,133,False,False,False
BillionClaw,2.0,2,0.0,176,133,False,False,False
Cybernetic-Ransomware,2.0,1,0.0,176,133,False,False,False
KoyoMiyazaki,2.0,1,0.0,176,133,False,False,False
KrzysztofCzapla,2.0,1,0.0,176,133,False,False,False
Lancetnik,2.0,1,0.0,176,133,False,False,False
MinLee0210,2.0,1,0.0,176,133,False,False,False
Ricky512227,2.0,1,0.0,176,133,False,False,False
SSOBHY2,2.0,1,0.0,176,133,False,False,False
SofiiaTrufanova,2.0,1,0.0,176,133,False,False,False
Srikari12,2.0,1,0.0,176,133,False,False,False
Tanmaykaturi,2.0,1,0.0,176,133,False,False,False
Zerohertz,2.0,1,0.0,176,133,False,False,False
aayushbaluni,2.0,1,0.0,176,133,False,False,False
alex-raw,2.0,2,0.0,176,133,False,False,False
amulyakh456,2.0,1,0.0,176,133,False,False,False
anton-ryzhov,2.0,1,0.0,176,133,False,False,False
bonastreyair,2.0,1,0.0,176,133,False,False,False
cleder,2.0,1,0.0,176,133,False,False,False
cluster2600,2.0,1,0.0,176,133,False,False,False
davidarmandosanchezcruz54-source,2.0,1,0.0,176,133,False,False,False
eyetheekh,2.0,1,0.0,176,133,False,False,False
fatemajannat9,2.0,1,0.0,176,133,False,False,False
fcharrier,2.0,1,0.0,176,133,False,False,False
fermanza,2.0,1,0.0,176,133,False,False,False
fluffy-dev,2.0,2,0.0,176,133,False,False,False
iamantonreznik,2.0,1,0.0,176,133,False,False,False
igoyak,2.0,1,0.0,176,133,False,False,False
iw4p,2.0,1,0.0,176,133,False,False,False
jaw997,2.0,1,0.0,176,133,False,False,False
jsibitoye,2.0,1,0.0,176,133,False,False,False
koladebashir,2.0,1,0.0,176,133,False,False,False
letmetry-oss,2.0,1,0.0,176,133,False,False,False
liby,2.0,1,0.0,176,133,False,False,False
lingotesoropuro-jpg,2.0,1,0.0,176,133,False,False,False
lkkmpn,2.0,1,0.0,176,133,False,False,False
mahimairaja,2.0,1,0.0,176,133,False,False,False
marcelomarkus,2.0,1,0.0,176,133,False,False,False
nicolasdespres,2.0,1,0.0,176,133,False,False,False
niveshpadamata1218,2.0,1,0.0,176,133,False,False,False
omnislash157,2.0,1,0.0,176,133,False,False,False
sushilk123,2.0,1,0.0,176,133,False,False,False
travellingsoldier85,2.0,1,0.0,176,133,False,False,False
uydev,2.0,1,0.0,176,133,False,False,False
varenoma,2.0,1,0.0,176,133,False,False,False
veeceey,2.0,2,0.0,176,133,False,False,False
vk496,2.0,1,0.0,176,133,False,False,False
whoisalyan,2.0,1,0.0,176,133,False,False,False
yezz123,2.0,1,0.0,176,133,False,False,False
youreadthis,2.0,1,0.0,176,133,False,False,False
003shrey,1.0,1,0.0,276,133,False,False,False
04cb,1.0,1,0.0,276,133,False,False,False
0xFazal,1.0,1,0.0,276,133,False,False,False
1cbyc,1.0,1,0.0,276,133,False,False,False
24f2001045-DS,1.0,1,0.0,276,133,False,False,False
Abdulnaser97,1.0,1,0.0,276,133,False,False,False
Adamowoc,1.0,1,0.0,276,133,False,False,False
AdarshBennur,1.0,1,0.0,276,133,False,False,False
Ads2024,1.0,1,0.0,276,133,False,False,False
AleksaMCode,1.0,1,0.0,276,133,False,False,False
AliSot2000,1.0,1,0.0,276,133,False,False,False
Amrito20,1.0,1,0.0,276,133,False,False,False
AnirudhArrepu,1.0,1,0.0,276,133,False,False,False
Antares0982,1.0,1,0.0,276,133,False,False,False
ArcLightSlavik,1.0,1,0.0,276,133,False,False,False
Aruelius,1.0,1,0.0,276,133,False,False,False
Ayu456sh,1.0,1,0.0,276,133,False,False,False
BharatShukla30,1.0,1,0.0,276,133,False,False,False
BharathiSen,1.0,1,0.0,276,133,False,False,False
BrunoTanabe,1.0,1,0.0,276,133,False,False,False
Cito,1.0,1,0.0,276,133,False,False,False
CrazyAnry,1.0,1,0.0,276,133,False,False,False
CuberQAQ,1.0,1,0.0,276,133,False,False,False
DHANUSHRAJA22,1.0,1,0.0,276,133,False,False,False
DanielYang59,1.0,1,0.0,276,133,False,False,False
Danstiv,1.0,1,0.0,276,133,False,False,False
Davis-3450,1.0,1,0.0,276,133,False,False,False
DilkhushYash,1.0,1,0.0,276,133,False,False,False
EFord36,1.0,1,0.0,276,133,False,False,False
Eminek-marz,1.0,1,0.0,276,133,False,False,False
ErickMoraL,1.0,1,0.0,276,133,False,False,False
Esubaalew,1.0,1,0.0,276,133,False,False,False
GeoSegun,1.0,1,0.0,276,133,False,False,False
GeoTsak314,1.0,1,0.0,276,133,False,False,False
Gopesh111,1.0,1,0.0,276,133,False,False,False
HamzaYslmn,1.0,1,0.0,276,133,False,False,False
Harshpatil0508,1.0,1,0.0,276,133,False,False,False
HenriBlacksmith,1.0,1,0.0,276,133,False,False,False
Holek,1.0,1,0.0,276,133,False,False,False
HoverHell,1.0,1,0.0,276,133,False,False,False
ImJuike,1.0,1,0.0,276,133,False,False,False
Kagney00,1.0,1,0.0,276,133,False,False,False
KarelRuzicka,1.0,1,0.0,276,133,False,False,False
KevynValladares21,1.0,1,0.0,276,133,False,False,False
Kimdowne,1.0,1,0.0,276,133,False,False,False
Kiran-Gowda-H-A,1.0,1,0.0,276,133,False,False,False
Krishneth,1.0,1,0.0,276,133,False,False,False
Lali182k5,1.0,1,0.0,276,133,False,False,False
MahdeeMushfiqueKamal,1.0,1,0.0,276,133,False,False,False
Maheedhar-rao,1.0,1,0.0,276,133,False,False,False
MarinPostma,1.0,1,0.0,276,133,False,False,False
MaxwellEnemuo,1.0,1,0.0,276,133,False,False,False
MikeiLL,1.0,1,0.0,276,133,False,False,False
Mohataseem89,1.0,1,0.0,276,133,False,False,False
NAM-MAN,1.0,1,0.0,276,133,False,False,False
NEFORCEO,1.0,1,0.0,276,133,False,False,False
Nicered,1.0,1,0.0,276,133,False,False,False
OscarMCV-SW,1.0,1,0.0,276,133,False,False,False
P-Muench,1.0,1,0.0,276,133,False,False,False
PRAJUN-V-ZILMONEY,1.0,1,0.0,276,133,False,False,False
Pavanmanikanta98,1.0,1,0.0,276,133,False,False,False
Pentusha,1.0,1,0.0,276,133,False,False,False
Profianton,1.0,1,0.0,276,133,False,False,False
Rishat-F,1.0,1,0.0,276,133,False,False,False
Rohit27305,1.0,1,0.0,276,133,False,False,False
SMdipu10,1.0,1,0.0,276,133,False,False,False
Shihasz,1.0,1,0.0,276,133,False,False,False
Sufyan-Ali,1.0,1,0.0,276,133,False,False,False
TahmidMuntaser,1.0,1,0.0,276,133,False,False,False
Takrim-ScrubAI,1.0,1,0.0,276,133,False,False,False
TheCaffinatedDeveloper,1.0,1,0.0,276,133,False,False,False
TheoPascoli,1.0,1,0.0,276,133,False,False,False
Tishka17,1.0,1,0.0,276,133,False,False,False
VashuTheGreat,1.0,1,0.0,276,133,False,False,False
Vishnuuuu24,1.0,1,0.0,276,133,False,False,False
Walancy,1.0,1,0.0,276,133,False,False,False
WestinJiang,1.0,1,0.0,276,133,False,False,False
YashGupta404,1.0,1,0.0,276,133,False,False,False
Yume05-dev,1.0,1,0.0,276,133,False,False,False
Yurzs,1.0,1,0.0,276,133,False,False,False
ZadenYip,1.0,1,0.0,276,133,False,False,False
a-babarytskyi,1.0,1,0.0,276,133,False,False,False
abhinav1098,1.0,1,0.0,276,133,False,False,False
aghabidareh,1.0,1,0.0,276,133,False,False,False
agonzalezjr327,1.0,1,0.0,276,133,False,False,False
alaminopu,1.0,1,0.0,276,133,False,False,False
albakore,1.0,1,0.0,276,133,False,False,False
aleksul,1.0,1,0.0,276,133,False,False,False
amirroox,1.0,1,0.0,276,133,False,False,False
amishikaushal,1.0,1,0.0,276,133,False,False,False
andersonrocha0,1.0,1,0.0,276,133,False,False,False
andrii-kysylevskyi,1.0,1,0.0,276,133,False,False,False
anfreshman,1.0,1,0.0,276,133,False,False,False
angryfoxx,1.0,1,0.0,276,133,False,False,False
antbz,1.0,1,0.0,276,133,False,False,False
arpithpm,1.0,1,0.0,276,133,False,False,False
ashb,1.0,1,0.0,276,133,False,False,False
ashyls,1.0,1,0.0,276,133,False,False,False
bforma,1.0,1,0.0,276,133,False,False,False
bidfox,1.0,1,0.0,276,133,False,False,False
bjmc,1.0,1,0.0,276,133,False,False,False
cgilviadee,1.0,1,0.0,276,133,False,False,False
champ-sk,1.0,1,0.0,276,133,False,False,False
chatgpt-codex-connector,1.0,1,0.0,276,133,False,False,False
choi-haram,1.0,1,0.0,276,133,False,False,False
clefeu,1.0,1,0.0,276,133,False,False,False
clytaemnestra,1.0,1,0.0,276,133,False,False,False
coderliu,1.0,1,0.0,276,133,False,False,False
coltonevansid,1.0,1,0.0,276,133,False,False,False
crummyh,1.0,1,0.0,276,133,False,False,False
cureprotocols,1.0,1,0.0,276,133,False,False,False
dagecko,1.0,1,0.0,276,133,False,False,False
david-fong,1.0,1,0.0,276,133,False,False,False
dbejo,1.0,1,0.0,276,133,False,False,False
deadlovelll,1.0,1,0.0,276,133,False,False,False
dev4all,1.0,1,0.0,276,133,False,False,False
dezh1110,1.0,1,0.0,276,133,False,False,False
dheekshae,1.0,1,0.0,276,133,False,False,False
dipenpadhiyar,1.0,1,0.0,276,133,False,False,False
epaes90,1.0,1,0.0,276,133,False,False,False
ethicalzeus07,1.0,1,0.0,276,133,False,False,False
ezeparziale,1.0,1,0.0,276,133,False,False,False
falkoschindler,1.0,1,0.0,276,133,False,False,False
farzbood,1.0,1,0.0,276,133,False,False,False
fcarvajalbrown,1.0,1,0.0,276,133,False,False,False
fitratgulmamadov,1.0,1,0.0,276,133,False,False,False
florentdrousset,1.0,1,0.0,276,133,False,False,False
frafra,1.0,1,0.0,276,133,False,False,False
garagon,1.0,1,0.0,276,133,False,False,False
gaurav101203,1.0,1,0.0,276,133,False,False,False
gengbo123456,1.0,1,0.0,276,133,False,False,False
gilesperiencia-del,1.0,1,0.0,276,133,False,False,False
gitgernit,1.0,1,0.0,276,133,False,False,False
gsheni,1.0,1,0.0,276,133,False,False,False
guspan-tanadi,1.0,1,0.0,276,133,False,False,False
hnshah,1.0,1,0.0,276,133,False,False,False
hozn,1.0,1,0.0,276,133,False,False,False
indayush,1.0,1,0.0,276,133,False,False,False
istrebitel-1,1.0,1,0.0,276,133,False,False,False
itssimon,1.0,1,0.0,276,133,False,False,False
ivanmilevtues,1.0,1,0.0,276,133,False,False,False
jamisiveshkumar,1.0,1,0.0,276,133,False,False,False
jerry-reevo,1.0,1,0.0,276,133,False,False,False
jingyugao,1.0,1,0.0,276,133,False,False,False
jkugler,1.0,1,0.0,276,133,False,False,False
jogo-openai,1.0,1,0.0,276,133,False,False,False
joselu103,1.0,1,0.0,276,133,False,False,False
kchang50204,1.0,1,0.0,276,133,False,False,False
kumaranvpl,1.0,1,0.0,276,133,False,False,False
lonelyH3b,1.0,1,0.0,276,133,False,False,False
lyushher,1.0,1,0.0,276,133,False,False,False
majiayu000,1.0,1,0.0,276,133,False,False,False
maksimzayats,1.0,1,0.0,276,133,False,False,False
martyndavies,1.0,1,0.0,276,133,False,False,False
mazulo,1.0,1,0.0,276,133,False,False,False
milan-jethva,1.0,1,0.0,276,133,False,False,False
mintuhouse,1.0,1,0.0,276,133,False,False,False
mkbhanda,1.0,1,0.0,276,133,False,False,False
mortezave,1.0,1,0.0,276,133,False,False,False
mrcghil,1.0,1,0.0,276,133,False,False,False
mwildehahn,1.0,1,0.0,276,133,False,False,False
mynewestgitaccount,1.0,1,0.0,276,133,False,False,False
nancywang-cwru,1.0,1,0.0,276,133,False,False,False
naveencreation,1.0,1,0.0,276,133,False,False,False
nikmaxott,1.0,1,0.0,276,133,False,False,False
nilerbarcelos,1.0,1,0.0,276,133,False,False,False
niral04,1.0,1,0.0,276,133,False,False,False
nomanstine,1.0,1,0.0,276,133,False,False,False
nsoranzo,1.0,1,0.0,276,133,False,False,False
odiseo0,1.0,1,0.0,276,133,False,False,False
pallaprolus,1.0,1,0.0,276,133,False,False,False
paras-verma7454,1.0,1,0.0,276,133,False,False,False
peteroyce,1.0,1,0.0,276,133,False,False,False
pierrejeambrun,1.0,1,0.0,276,133,False,False,False
pmsmanishchauhan,1.0,1,0.0,276,133,False,False,False
pperliti,1.0,1,0.0,276,133,False,False,False
praffq,1.0,1,0.0,276,133,False,False,False
prasanthkumarch26,1.0,1,0.0,276,133,False,False,False
prerna-pramod-gh,1.0,1,0.0,276,133,False,False,False
pressogh,1.0,1,0.0,276,133,False,False,False
pythonweb2,1.0,1,0.0,276,133,False,False,False
ragnarok22,1.0,1,0.0,276,133,False,False,False
rahulpandey535,1.0,1,0.0,276,133,False,False,False
rauchg,1.0,1,0.0,276,133,False,False,False
rensoostenbachBL,1.0,1,0.0,276,133,False,False,False
rhealakhotia,1.0,1,0.0,276,133,False,False,False
robertoberto,1.0,1,0.0,276,133,False,False,False
rockokw,1.0,1,0.0,276,133,False,False,False
roozbehR,1.0,1,0.0,276,133,False,False,False
rshan1515,1.0,1,0.0,276,133,False,False,False
sandesh-bhandari-dev,1.0,1,0.0,276,133,False,False,False
sandeshkumatgi,1.0,1,0.0,276,133,False,False,False
santoshvandari,1.0,1,0.0,276,133,False,False,False
serge-eric-kalaga,1.0,1,0.0,276,133,False,False,False
shyam-ramani,1.0,1,0.0,276,133,False,False,False
skjeetmal12-dev,1.0,1,0.0,276,133,False,False,False
stg609,1.0,1,0.0,276,133,False,False,False
sukantamajhi,1.0,1,0.0,276,133,False,False,False
thakoreh,1.0,1,0.0,276,133,False,False,False
themojtabajaveed,1.0,1,0.0,276,133,False,False,False
tmdgusya,1.0,1,0.0,276,133,False,False,False
tsayin4,1.0,1,0.0,276,133,False,False,False
tsmathis,1.0,1,0.0,276,133,False,False,False
uvansh,1.0,1,0.0,276,133,False,False,False
varma887,1.0,1,0.0,276,133,False,False,False
venkatasaikumarguntupalli,1.0,1,0.0,276,133,False,False,False
victorgaard,1.0,1,0.0,276,133,False,False,False
vishds,1.0,1,0.0,276,133,False,False,False
vitali87,1.0,1,0.0,276,133,False,False,False
vitalvalid,1.0,1,0.0,276,133,False,False,False
wbarnha,1.0,1,0.0,276,133,False,False,False
wisderfin,1.0,1,0.0,276,133,False,False,False
wmin401,1.0,1,0.0,276,133,False,False,False
xmdnx,1.0,1,0.0,276,133,False,False,False
xsismadn3ss,1.0,1,0.0,276,133,False,False,False
y3l1n4ung,1.0,1,0.0,276,133,False,False,False
ynehra0777,1.0,1,0.0,276,133,False,False,False
yoavstr,1.0,1,0.0,276,133,False,False,False
zachary-walravens,1.0,1,0.0,276,133,False,False,False
zmievsa-semasoftware,1.0,1,0.0,276,133,False,False,False
zoltanfodor-archfz,1.0,1,0.0,276,133,False,False,False
